<?xml version="1.0" encoding="UTF-8"?>
<configuration>
    <!-- 定义参数 -->

    <!--打印级别由低到高：TRACE, DEBUG, INFO, WARN, ERROR, ALL 和 OFF -->
    <!-- 配置数据库连接 -->
    <!-- 	<appender name="db-classic-mysql" class="ch.qos.logback.classic.db.DBAppender">
            <connectionSource
                class="ch.qos.logback.core.db.DriverManagerConnectionSource">
                <driverClass>com.mysql.jdbc.Driver</driverClass>
                <url>jdbc:mysql://127.0.0.1:3306/measuring</url>
                <user>admin</user>
                <password>123456</password>
            </connectionSource>
        </appender> -->
    <!-- 控制台输出 -->
    <appender name="STDOUT" class="ch.qos.logback.core.ConsoleAppender">
        <!-- 日志输出编码 -->
        <!-- <Encoding>UTF-8</Encoding> 新版本需要去掉这项配置 -->
        <layout class="ch.qos.logback.classic.PatternLayout">
            <!--格式化输出：%d表示日期，%thread表示线程名，%-5level：级别从左显示5个字符宽度%msg：日志消息，%n是换行符-->
            <pattern>%d{yyyy-MM-dd HH:mm:ss.SSS} [%thread] %-5level %logger{36} - %msg%n</pattern>
        </layout>
    </appender>
    <!-- error 日志 -->
<!--    <appender name="errorAppender" class="ch.qos.logback.core.rolling.RollingFileAppender">-->
<!--        <rollingPolicy class="ch.qos.logback.core.rolling.TimeBasedRollingPolicy">-->
<!--            &lt;!&ndash; 文件名称 &ndash;&gt;-->
<!--            <fileNamePattern>${LOG_HOME}/error/error-%d{yyyy-MM-dd}._%i.log-->
<!--            </fileNamePattern>-->
<!--            &lt;!&ndash; 文件最大保存历史数量 &ndash;&gt;-->
<!--            <MaxHistory>30</MaxHistory>-->
<!--            <timeBasedFileNamingAndTriggeringPolicy class="ch.qos.logback.core.rolling.SizeAndTimeBasedFNATP">-->
<!--                <maxFileSize>500MB</maxFileSize>-->
<!--            </timeBasedFileNamingAndTriggeringPolicy>-->
<!--        </rollingPolicy>-->
<!--        <encoder>-->
<!--            &lt;!&ndash; 格式化输出：%d表示日期，%thread表示线程名，%-5level：级别从左显示5个字符宽度%msg：日志消息，%n是换行符 &ndash;&gt;-->
<!--            <pattern>%d{yyyy-MM-dd HH:mm:ss.SSS} [%thread] %-5level %logger{50} - %msg%n</pattern>-->
<!--        </encoder>-->
<!--        &lt;!&ndash; 日志文件最大的大小 &ndash;&gt;-->
<!--        <triggeringPolicy class="ch.qos.logback.core.rolling.SizeBasedTriggeringPolicy">-->
<!--            <MaxFileSize>20MB</MaxFileSize>-->
<!--        </triggeringPolicy>-->
<!--        <filter class="ch.qos.logback.classic.filter.LevelFilter">-->
<!--            <level>ERROR</level>-->
<!--            <onMatch>ACCEPT</onMatch>-->
<!--            <onMismatch>DENY</onMismatch>-->
<!--        </filter>-->
<!--    </appender>-->
<!--    &lt;!&ndash; info 日志 &ndash;&gt;-->
<!--    <appender name="infoAppender" class="ch.qos.logback.core.rolling.RollingFileAppender">-->
<!--        <rollingPolicy class="ch.qos.logback.core.rolling.TimeBasedRollingPolicy">-->
<!--            &lt;!&ndash; 文件名称 &ndash;&gt;-->
<!--            <fileNamePattern>${LOG_HOME}/info/info-%d{yyyy-MM-dd}._%i.log-->
<!--            </fileNamePattern>-->
<!--            &lt;!&ndash; 文件最大保存历史数量 &ndash;&gt;-->
<!--            <MaxHistory>30</MaxHistory>-->
<!--            <timeBasedFileNamingAndTriggeringPolicy class="ch.qos.logback.core.rolling.SizeAndTimeBasedFNATP">-->
<!--                <maxFileSize>500MB</maxFileSize>-->
<!--            </timeBasedFileNamingAndTriggeringPolicy>-->
<!--        </rollingPolicy>-->
<!--        <encoder>-->
<!--            &lt;!&ndash; 格式化输出：%d表示日期，%thread表示线程名，%-5level：级别从左显示5个字符宽度%msg：日志消息，%n是换行符 &ndash;&gt;-->
<!--            <pattern>%d{yyyy-MM-dd HH:mm:ss.SSS} [%thread] %-5level %logger{50} - %msg%n</pattern>-->
<!--        </encoder>-->
<!--        &lt;!&ndash; 日志文件最大的大小 &ndash;&gt;-->
<!--        <triggeringPolicy class="ch.qos.logback.core.rolling.SizeBasedTriggeringPolicy">-->
<!--            <MaxFileSize>20MB</MaxFileSize>-->
<!--        </triggeringPolicy>-->
<!--        <filter class="ch.qos.logback.classic.filter.LevelFilter">-->
<!--            <level>INFO</level>-->
<!--            <onMatch>ACCEPT</onMatch>-->
<!--            <onMismatch>DENY</onMismatch>-->
<!--        </filter>-->
<!--    </appender>-->
<!--    &lt;!&ndash; warn 日志 &ndash;&gt;-->
<!--    <appender name="warnAppender" class="ch.qos.logback.core.rolling.RollingFileAppender">-->
<!--        <rollingPolicy class="ch.qos.logback.core.rolling.TimeBasedRollingPolicy">-->
<!--            &lt;!&ndash; 文件名称 &ndash;&gt;-->
<!--            <fileNamePattern>${LOG_HOME}/warn/warn-%d{yyyy-MM-dd}._%i.log-->
<!--            </fileNamePattern>-->
<!--            &lt;!&ndash; 文件最大保存历史数量 &ndash;&gt;-->
<!--            <MaxHistory>30</MaxHistory>-->
<!--            <timeBasedFileNamingAndTriggeringPolicy class="ch.qos.logback.core.rolling.SizeAndTimeBasedFNATP">-->
<!--                <maxFileSize>500MB</maxFileSize>-->
<!--            </timeBasedFileNamingAndTriggeringPolicy>-->
<!--        </rollingPolicy>-->
<!--        <encoder>-->
<!--            &lt;!&ndash; 格式化输出：%d表示日期，%thread表示线程名，%-5level：级别从左显示5个字符宽度%msg：日志消息，%n是换行符 &ndash;&gt;-->
<!--            <pattern>%d{yyyy-MM-dd HH:mm:ss.SSS} [%thread] %-5level %logger{50} - %msg%n</pattern>-->
<!--        </encoder>-->
<!--        &lt;!&ndash; 日志文件最大的大小 &ndash;&gt;-->
<!--        <triggeringPolicy class="ch.qos.logback.core.rolling.SizeBasedTriggeringPolicy">-->
<!--            <MaxFileSize>20MB</MaxFileSize>-->
<!--        </triggeringPolicy>-->
<!--        <filter class="ch.qos.logback.classic.filter.LevelFilter">-->
<!--            <level>WARN</level>-->
<!--            <onMatch>ACCEPT</onMatch>-->
<!--            <onMismatch>DENY</onMismatch>-->
<!--        </filter>-->
<!--    </appender>-->
    <!-- show sql -->
    <logger name="com.xsupport.dao.base" level="DEBUG"/>
    <!-- 	存入数据库-->
<!--     <root level="WARN"><appender-ref ref="db-classic-mysql" /></root>  -->
    <!--输出在控制台-->
    <root level="DEBUG"><appender-ref ref="STDOUT"/></root>
    <!--     输出在文件 -->
<!--        <root level="INFO"><appender-ref ref="FILE" /></root> -->
    <!-- 输出在文件 -->
    <!--<root level="${log.lever}">-->
    <!--<appender-ref ref="infoAppender" />-->
    <!--<appender-ref ref="warnAppender" />-->
    <!--<appender-ref ref="errorAppender" />-->
    <!--</root>-->
</configuration>