<?xml version="1.0" encoding="UTF-8"?>
<!DOCTYPE mapper PUBLIC "-//mybatis.org//DTD Mapper 3.0//EN" "http://mybatis.org/dtd/mybatis-3-mapper.dtd">
<mapper namespace="com.xsupport.dao.measure.DisplacementEveryDao">

    <resultMap id="BaseResult" type="com.xsupport.model.measure.DisplacementEvery">
        <id column="id" property="id"/>
        <result column="groupId" property="groupId"/>
        <result column="point" property="point"/>
        <result column="thisValue" property="thisValue"/>
        <result column="beforeValue" property="beforeValue"/>

        <association property="thisValueData"
                     column="thisValue"
                     javaType="com.xsupport.model.measure.DisplacementValue"
                     select="com.xsupport.dao.measure.DisplacementValueDao.findById">
        </association>
        <association property="beforeValueData"
                     column="beforeValue"
                     javaType="com.xsupport.model.measure.DisplacementValue"
                     select="com.xsupport.dao.measure.DisplacementValueDao.findById">
        </association>
    </resultMap>

    <select id="findByGroupId" parameterType="string" resultMap="BaseResult">
        SELECT de.*, pe.name AS pointName
        FROM displacement_every AS de
        LEFT JOIN point_enum pe ON pe.code = de.point
        WHERE groupId = #{groupId}
    </select>

    <select id="findByGroupIdAndPoint" resultMap="BaseResult">
        SELECT * FROM displacement_every
        WHERE groupId = #{groupId} AND point = #{point}
    </select>
</mapper>