<?xml version="1.0" encoding="UTF-8"?>
<!DOCTYPE mapper PUBLIC "-//mybatis.org//DTD Mapper 3.0//EN" "http://mybatis.org/dtd/mybatis-3-mapper.dtd">
<mapper namespace="com.xsupport.dao.measure.DisplacementValueDao">

    <resultMap id="BaseResult" type="com.xsupport.model.measure.DisplacementValue">
        <id column="id" property="id"/>
        <result column="x" property="x"/>
        <result column="y" property="y"/>
        <result column="z" property="z"/>
    </resultMap>

    <select id="findById" parameterType="string" resultType="com.xsupport.model.measure.DisplacementValue">
        SELECT * FROM displacement_value WHERE id = #{id}
    </select>

</mapper>