<?xml version="1.0" encoding="UTF-8"?>
<!DOCTYPE mapper PUBLIC "-//mybatis.org//DTD Mapper 3.0//EN" "http://mybatis.org/dtd/mybatis-3-mapper.dtd">
<mapper namespace="com.xsupport.dao.measure.HumidityDao">

    <resultMap id="BaseResult" type="com.xsupport.model.measure.Humidity" >
        <id column="id" property="id" />
        <result column="createTime" property="createTime" />
        <result column="value" property="value" />
        <result column="limitValue" property="limitValue" />
        <result column="state" property="state" />
        <result column="remark" property="remark" />
    </resultMap>

    <select id="findAll" resultType="com.xsupport.model.measure.Humidity">
        SELECT * FROM humidity ORDER BY createTime DESC
    </select>

    <select id="exportInfo" resultType="com.xsupport.model.measure.Humidity">
    SELECT
        DATE_FORMAT(h.createTime,'%Y-%m-%d %H:%i:%s') AS createTime,
        CONCAT(h.`value`,' ',bg.unit) AS exportValue,
        CONCAT(h.limitValue,' ',bg.unit) AS exportLimitValue,
        IF(h.state = 0,'正常','异常') AS exportState
    FROM humidity AS h
    LEFT JOIN big_type bg ON bg.type = 1
    ORDER BY createTime DESC
    </select>
</mapper>