<?xml version="1.0" encoding="UTF-8"?>
<!DOCTYPE mapper PUBLIC "-//mybatis.org//DTD Mapper 3.0//EN" "http://mybatis.org/dtd/mybatis-3-mapper.dtd">
<mapper namespace="com.xsupport.dao.measure.SoakDao">

    <resultMap id="BaseResult" type="com.xsupport.model.measure.Soak" >
        <id column="id" property="id" />
        <result column="createTime" property="createTime" />
        <result column="type" property="type" />
        <result column="value" property="value" />
        <result column="limitValue" property="limitValue" />
        <result column="state" property="state" />
        <result column="remark" property="remark" />
    </resultMap>

    <select id="exportInfo" resultType="com.xsupport.model.measure.Soak">
        SELECT
            DATE_FORMAT(s.createTime,'%Y-%m-%d %H:%i:%s') AS createTime,
            CONCAT(s.`value`,' ',bg.unit) AS exportValue,
            CONCAT(s.limitValue,' ',bg.unit) AS exportLimitValue,
            IF(s.state = 0,'正常','异常') AS exportState
        FROM soak AS s
        LEFT JOIN big_type bg ON bg.type = 2
        ORDER BY createTime DESC
    </select>

</mapper>