<?xml version="1.0" encoding="UTF-8"?>
<!DOCTYPE mapper PUBLIC "-//mybatis.org//DTD Mapper 3.0//EN" "http://mybatis.org/dtd/mybatis-3-mapper.dtd">
<mapper namespace="com.xsupport.dao.measure.TemperatureDao">

    <resultMap id="BaseResult" type="com.xsupport.model.measure.Temperature">
        <id column="id" property="id"/>
        <result column="createTime" property="createTime"/>
        <result column="value" property="value"/>
        <result column="state" property="state"/>
        <result column="limitValue" property="limitValue"/>
        <result column="remark" property="remark"/>
    </resultMap>

    <select id="findAll" resultType="com.xsupport.model.measure.Temperature">
        SELECT * FROM temperature ORDER BY createTime DESC
    </select>

    <select id="exportInfo" resultType="com.xsupport.model.measure.Temperature">
    SELECT
        DATE_FORMAT(t.createTime,'%Y-%m-%d %H:%i:%s') AS createTime,
        CONCAT(t.`value`,' ',bg.unit) AS exportValue,
        CONCAT(t.limitValue,' ',bg.unit) AS exportLimitValue,
        IF(t.state = 0,'正常','异常') AS exportState
    FROM temperature AS t
    LEFT JOIN big_type bg ON bg.type = 0
    ORDER BY createTime DESC
    </select>
</mapper>