<?xml version="1.0" encoding="UTF-8"?>
<!DOCTYPE mapper PUBLIC "-//mybatis.org//DTD Mapper 3.0//EN" "http://mybatis.org/dtd/mybatis-3-mapper.dtd">
<mapper namespace="com.xsupport.dao.manage.TypeDao">

    <resultMap id="BaseResult" type="com.xsupport.model.manage.Type" >
        <id column="id" property="id" />
        <result column="createTime" property="createTime" />
        <result column="updateTime" property="updateTime" />
        <result column="bigType" property="bigType" />
        <result column="subIndex" property="subIndex" />
        <result column="limitValue" property="limitValue" />
        <result column="name" property="name" />
        <result column="remark" property="remark" />
    </resultMap>

<!--    <select id="findByBigType" parameterType="string" resultType="com.xsupport.model.manage.Type">-->
<!--        SELECT * FROM type WHERE bigType = #{bigType}-->
<!--    </select>-->

</mapper>